COMPANY NAME, CIK, SIC, DATE, FILE,SEC LINK
024 Pharma  Inc.,1307969,3089,3/24/2017,10-K,http://www.sec.gov/Archives/edgar/data/1307969/000168316817000653/0001683168-17-000653.txt
1 800 FLOWERS COM INC,1084869,5990,9/15/2017,10-K,http://www.sec.gov/Archives/edgar/data/1084869/000143774917015969/0001437749-17-015969.txt
1347 Property Insurance Holdings  Inc.,1591890,6331,3/16/2017,10-K,http://www.sec.gov/Archives/edgar/data/1591890/000138713117001422/0001387131-17-001422.txt
1847 Holdings LLC,1599407,8742,4/17/2017,10-K,http://www.sec.gov/Archives/edgar/data/1599407/000147793217001780/0001477932-17-001780.txt
1PM Industries,859747,2000,6/14/2017,10-K,http://www.sec.gov/Archives/edgar/data/859747/0000147793217002839/0001477932-17-002839.txt
1ST CONSTITUTION BANCORP,1141807,6035,3/16/2017,10-K,http://www.sec.gov/Archives/edgar/data/1141807/000114180717000012/0001141807-17-000012.txt
1st FRANKLIN FINANCIAL CORP,38723,6141,3/31/2017,10-K,http://www.sec.gov/Archives/edgar/data/38723/00000137647417000071/0001376474-17-000071.txt
1ST SOURCE CORP,34782,6022,2/17/2017,10-K,http://www.sec.gov/Archives/edgar/data/34782/00000003478217000036/0000034782-17-000036.txt
2050 MOTORS  INC.,867028,2844,4/17/2017,10-K,http://www.sec.gov/Archives/edgar/data/867028/0000149315217004020/0001493152-17-004020.txt
22nd Century Group  Inc.,1347858,2111,3/8/2017,10-K,http://www.sec.gov/Archives/edgar/data/1347858/000114420417013462/0001144204-17-013462.txt
2U  Inc.,1459417,7372,2/24/2017,10-K,http://www.sec.gov/Archives/edgar/data/1459417/000104746917000950/0001047469-17-000950.txt
3D SYSTEMS CORP,910638,7372,2/28/2017,10-K,http://www.sec.gov/Archives/edgar/data/910638/0000091063817000003/0000910638-17-000003.txt
3DICON CORP,1375195,3669,4/14/2017,10-K,http://www.sec.gov/Archives/edgar/data/1375195/000114420417020528/0001144204-17-020528.txt
3M CO,66740,3841,2/9/2017,10-K,http://www.sec.gov/Archives/edgar/data/66740/00000155837017000479/0001558370-17-000479.txt
3PEA INTERNATIONAL  INC.,1496443,7389,3/27/2017,10-K,http://www.sec.gov/Archives/edgar/data/1496443/000168316817000670/0001683168-17-000670.txt
3Power Energy Group Inc.,1221554,3510,7/14/2017,10-K,http://www.sec.gov/Archives/edgar/data/1221554/000114420417036876/0001144204-17-036876.txt
8point3 Energy Partners LP,1635581,4911,1/26/2017,10-K,http://www.sec.gov/Archives/edgar/data/1635581/000156459017000660/0001564590-17-000660.txt
8X8 INC /DE/,1023731,4813,5/30/2017,10-K,http://www.sec.gov/Archives/edgar/data/1023731/000113626117000117/0001136261-17-000117.txt
99 CENTS ONLY STORES LLC,1011290,5331,4/26/2017,10-K,http://www.sec.gov/Archives/edgar/data/1011290/000110465917026424/0001104659-17-026424.txt
A&C United Agriculture Developing Inc.,1539778,100,2/7/2017,10-K,http://www.sec.gov/Archives/edgar/data/1539778/000147793217000569/0001477932-17-000569.txt
A. H. Belo Corp,1413898,2711,3/10/2017,10-K,http://www.sec.gov/Archives/edgar/data/1413898/000141389817000017/0001413898-17-000017.txt
A10 Networks  Inc.,1580808,3576,2/24/2017,10-K,http://www.sec.gov/Archives/edgar/data/1580808/000158080817000013/0001580808-17-000013.txt
AAC Holdings  Inc.,1606180,8093,3/7/2017,10-K,http://www.sec.gov/Archives/edgar/data/1606180/000156459017003590/0001564590-17-003590.txt
AAON INC,824142,3585,2/23/2017,10-K,http://www.sec.gov/Archives/edgar/data/824142/0000082414217000034/0000824142-17-000034.txt
AAR CORP,1750,3720,7/12/2017,10-K,http://www.sec.gov/Archives/edgar/data/1750/000000104746917004528/0001047469-17-004528.txt
AARON'S INC,706688,7359,2/24/2017,10-K,http://www.sec.gov/Archives/edgar/data/706688/0000070668817000030/0000706688-17-000030.txt
AB Private Credit Investors Corp,1634452,-,3/31/2017,10-K,http://www.sec.gov/Archives/edgar/data/1634452/000119312517106786/0001193125-17-106786.txt
ABAXIS INC,881890,3829,5/30/2017,10-K,http://www.sec.gov/Archives/edgar/data/881890/0000156761917001164/0001567619-17-001164.txt
ABBOTT LABORATORIES,1800,2834,2/17/2017,10-K,http://www.sec.gov/Archives/edgar/data/1800/000000104746917000744/0001047469-17-000744.txt
AbbVie Inc.,1551152,2834,2/17/2017,10-K,http://www.sec.gov/Archives/edgar/data/1551152/000155115217000004/0001551152-17-000004.txt
ABCO Energy  Inc.,1300938,1700,4/17/2017,10-K,http://www.sec.gov/Archives/edgar/data/1300938/000118518517000938/0001185185-17-000938.txt
ABEONA THERAPEUTICS INC.,318306,2834,3/30/2017,10-K,http://www.sec.gov/Archives/edgar/data/318306/0000114420417017709/0001144204-17-017709.txt
ABERCROMBIE & FITCH CO /DE/,1018840,5651,3/27/2017,10-K,http://www.sec.gov/Archives/edgar/data/1018840/000101884017000013/0001018840-17-000013.txt
ABIOMED INC,815094,3841,5/25/2017,10-K,http://www.sec.gov/Archives/edgar/data/815094/0000156459017011690/0001564590-17-011690.txt
ABM INDUSTRIES INC /DE/,771497,7340,12/22/2017,10-K,http://www.sec.gov/Archives/edgar/data/771497/0000162828017012508/0001628280-17-012508.txt
ABRAXAS PETROLEUM CORP,867665,1311,3/16/2017,10-K,http://www.sec.gov/Archives/edgar/data/867665/0000086766517000031/0000867665-17-000031.txt
Abtech Holdings  Inc.,1405858,1090,3/31/2017,10-K,http://www.sec.gov/Archives/edgar/data/1405858/000114420417018022/0001144204-17-018022.txt
ABV CONSULTING  INC.,1607450,8742,3/31/2017,10-K,http://www.sec.gov/Archives/edgar/data/1607450/000164033417000620/0001640334-17-000620.txt
Acacia Communications  Inc.,1651235,3674,2/23/2017,10-K,http://www.sec.gov/Archives/edgar/data/1651235/000156459017002222/0001564590-17-002222.txt
Acacia Diversified Holdings  Inc.,1001463,5010,3/28/2017,10-K,http://www.sec.gov/Archives/edgar/data/1001463/000118518517000668/0001185185-17-000668.txt
ACACIA RESEARCH CORP,934549,6794,3/10/2017,10-K,http://www.sec.gov/Archives/edgar/data/934549/0000093454917000006/0000934549-17-000006.txt
Acadia Healthcare Company  Inc.,1520697,8093,2/24/2017,10-K,http://www.sec.gov/Archives/edgar/data/1520697/000119312517056016/0001193125-17-056016.txt
ACADIA PHARMACEUTICALS INC,1070494,2834,2/28/2017,10-K,http://www.sec.gov/Archives/edgar/data/1070494/000156459017002866/0001564590-17-002866.txt
ACADIA REALTY TRUST,899629,6798,2/24/2017,10-K,http://www.sec.gov/Archives/edgar/data/899629/0000089962917000009/0000899629-17-000009.txt
ACCELERA INNOVATIONS  INC.,1444144,8000,4/17/2017,10-K,http://www.sec.gov/Archives/edgar/data/1444144/000149315217003990/0001493152-17-003990.txt
Accelerate Diagnostics  Inc,727207,3826,2/28/2017,10-K,http://www.sec.gov/Archives/edgar/data/727207/0000162828017001816/0001628280-17-001816.txt
Accelerize Inc.,1352952,7389,3/22/2017,10-K,http://www.sec.gov/Archives/edgar/data/1352952/000143774917005089/0001437749-17-005089.txt
ACCELERON PHARMA INC,1280600,2836,3/1/2017,10-K,http://www.sec.gov/Archives/edgar/data/1280600/000128060017000008/0001280600-17-000008.txt
Accenture Holdings plc,1647339,7389,10/26/2017,10-K,http://www.sec.gov/Archives/edgar/data/1647339/000164733917000019/0001647339-17-000019.txt
Accenture plc,1467373,7389,10/26/2017,10-K,http://www.sec.gov/Archives/edgar/data/1467373/000146737317000430/0001467373-17-000430.txt
ACCESS NATIONAL CORP,1176316,6035,3/16/2017,10-K,http://www.sec.gov/Archives/edgar/data/1176316/000114420417015082/0001144204-17-015082.txt
ACCO BRANDS Corp,712034,2780,2/27/2017,10-K,http://www.sec.gov/Archives/edgar/data/712034/0000071203417000012/0000712034-17-000012.txt
ACCURAY INC,1138723,3841,8/25/2017,10-K,http://www.sec.gov/Archives/edgar/data/1138723/000104746917005403/0001047469-17-005403.txt
Accurexa Inc.,1562107,3845,3/31/2017,10-K,http://www.sec.gov/Archives/edgar/data/1562107/000146970917000051/0001469709-17-000051.txt
ACELRX PHARMACEUTICALS INC,1427925,2834,3/3/2017,10-K,http://www.sec.gov/Archives/edgar/data/1427925/000143774917003702/0001437749-17-003702.txt
ACETO CORP,2034,5122,8/25/2017,10-K,http://www.sec.gov/Archives/edgar/data/2034/000000114420417045100/0001144204-17-045100.txt
Achaogen Inc,1301501,2834,3/14/2017,10-K,http://www.sec.gov/Archives/edgar/data/1301501/000156459017004283/0001564590-17-004283.txt
ACHILLION PHARMACEUTICALS INC,1070336,2834,2/23/2017,10-K,http://www.sec.gov/Archives/edgar/data/1070336/000119312517054009/0001193125-17-054009.txt
ACI WORLDWIDE  INC.,935036,7372,3/1/2017,10-K,http://www.sec.gov/Archives/edgar/data/935036/0000119312517065734/0001193125-17-065734.txt
Aclaris Therapeutics  Inc.,1557746,2834,3/15/2017,10-K,http://www.sec.gov/Archives/edgar/data/1557746/000155837017001802/0001558370-17-001802.txt
ACME UNITED CORP,2098,3420,3/10/2017,10-K,http://www.sec.gov/Archives/edgar/data/2098/000000102660817000009/0001026608-17-000009.txt
ACNB CORP,715579,6022,3/15/2017,10-K,http://www.sec.gov/Archives/edgar/data/715579/0000104746917001613/0001047469-17-001613.txt
Acology Inc.,1096950,3080,4/14/2017,10-K,http://www.sec.gov/Archives/edgar/data/1096950/000072174817000242/0000721748-17-000242.txt
ACORDA THERAPEUTICS INC,1008848,2836,2/27/2017,10-K,http://www.sec.gov/Archives/edgar/data/1008848/000156459017002591/0001564590-17-002591.txt
ACORN ENERGY  INC.,880984,8711,3/29/2017,10-K,http://www.sec.gov/Archives/edgar/data/880984/0000149315217002980/0001493152-17-002980.txt
ACRE REALTY INVESTORS INC,1011109,6798,3/9/2017,10-K,http://www.sec.gov/Archives/edgar/data/1011109/000155278117000109/0001552781-17-000109.txt
Actinium Pharmaceuticals  Inc.,1388320,2834,3/16/2017,10-K,http://www.sec.gov/Archives/edgar/data/1388320/000121390017002461/0001213900-17-002461.txt
ACTIVECARE  INC.,1429896,3669,1/13/2017,10-K,http://www.sec.gov/Archives/edgar/data/1429896/000109690617000028/0001096906-17-000028.txt
Activision Blizzard  Inc.,718877,7372,2/28/2017,10-K,http://www.sec.gov/Archives/edgar/data/718877/0000104746917001072/0001047469-17-001072.txt
Actua Corp,1085621,7371,3/31/2017,10-K,http://www.sec.gov/Archives/edgar/data/1085621/000108562117000004/0001085621-17-000004.txt
ACTUANT CORP,6955,3590,10/26/2017,10-K,http://www.sec.gov/Archives/edgar/data/6955/000000000695517000038/0000006955-17-000038.txt
ACUITY BRANDS INC,1144215,3640,10/26/2017,10-K,http://www.sec.gov/Archives/edgar/data/1144215/000114421517000106/0001144215-17-000106.txt
ACURA PHARMACEUTICALS  INC,786947,2834,3/31/2017,10-K,http://www.sec.gov/Archives/edgar/data/786947/0000114420417018146/0001144204-17-018146.txt
Acushnet Holdings Corp.,1672013,3949,3/30/2017,10-K,http://www.sec.gov/Archives/edgar/data/1672013/000155837017002327/0001558370-17-002327.txt
ACXIOM CORP,733269,7374,5/26/2017,10-K,http://www.sec.gov/Archives/edgar/data/733269/0000073326917000039/0000733269-17-000039.txt
Adaiah Distribution Inc,1593204,5020,2/14/2017,10-K,http://www.sec.gov/Archives/edgar/data/1593204/000147793217000778/0001477932-17-000778.txt
Adama Technologies Corp,1422222,4899,10/13/2017,10-K,http://www.sec.gov/Archives/edgar/data/1422222/000155278117000556/0001552781-17-000556.txt
ADAMANT DRI PROCESSING & MINERALS GROUP,1171008,1000,4/17/2017,10-K,http://www.sec.gov/Archives/edgar/data/1171008/000119380517000646/0001193805-17-000646.txt
Adamas Pharmaceuticals Inc,1328143,2834,2/28/2017,10-K,http://www.sec.gov/Archives/edgar/data/1328143/000162828017001888/0001628280-17-001888.txt
Adamis Pharmaceuticals Corp,887247,2834,3/30/2017,10-K,http://www.sec.gov/Archives/edgar/data/887247/0000138713117001745/0001387131-17-001745.txt
ADAMS RESOURCES & ENERGY  INC.,2178,5172,3/31/2017,10-K,http://www.sec.gov/Archives/edgar/data/2178/000000000217817000019/0000002178-17-000019.txt
Adaptimmune Therapeutics PLC,1621227,2836,3/13/2017,10-K,http://www.sec.gov/Archives/edgar/data/1621227/000110465917016024/0001104659-17-016024.txt
ADCARE HEALTH SYSTEMS  INC,1004724,8051,4/17/2017,10-K,http://www.sec.gov/Archives/edgar/data/1004724/000100472417000021/0001004724-17-000021.txt
ADDENTAX GROUP CORP.,1650101,7330,7/3/2017,10-K,http://www.sec.gov/Archives/edgar/data/1650101/000149315217007430/0001493152-17-007430.txt
Addus HomeCare Corp,1468328,8082,3/15/2017,10-K,http://www.sec.gov/Archives/edgar/data/1468328/000119312517083098/0001193125-17-083098.txt
ADDVANTAGE TECHNOLOGIES GROUP INC,874292,5000,12/14/2017,10-K,http://www.sec.gov/Archives/edgar/data/874292/0000144526017000042/0001445260-17-000042.txt
ADESTO TECHNOLOGIES Corp,1395848,3674,3/24/2017,10-K,http://www.sec.gov/Archives/edgar/data/1395848/000156459017005169/0001564590-17-005169.txt
Adient plc,1670541,3714,11/22/2017,10-K,http://www.sec.gov/Archives/edgar/data/1670541/000167054117000071/0001670541-17-000071.txt
ADM ENDEAVORS  INC.,1588014,1700,1/24/2017,10-K,http://www.sec.gov/Archives/edgar/data/1588014/000149315217000762/0001493152-17-000762.txt
ADM ENDEAVORS  INC.,1588014,1700,6/6/2017,10-K,http://www.sec.gov/Archives/edgar/data/1588014/000149315217006266/0001493152-17-006266.txt
ADM TRONICS UNLIMITED  INC.,849401,3845,6/29/2017,10-K,http://www.sec.gov/Archives/edgar/data/849401/0000143774917012017/0001437749-17-012017.txt
ADMA BIOLOGICS  INC.,1368514,2836,2/24/2017,10-K,http://www.sec.gov/Archives/edgar/data/1368514/000119380517000330/0001193805-17-000330.txt
ADMIRAL FINANCIAL CORP,828530,6035,9/27/2017,10-K,http://www.sec.gov/Archives/edgar/data/828530/0000155335017001057/0001553350-17-001057.txt
ADOBE SYSTEMS INC,796343,7372,1/20/2017,10-K,http://www.sec.gov/Archives/edgar/data/796343/0000079634317000031/0000796343-17-000031.txt
Adtalem Global Education Inc.,730464,8200,8/24/2017,10-K,http://www.sec.gov/Archives/edgar/data/730464/0000114420417044976/0001144204-17-044976.txt
ADTRAN INC,926282,3661,2/24/2017,10-K,http://www.sec.gov/Archives/edgar/data/926282/0000156459017002423/0001564590-17-002423.txt
ADURO BIOTECH  INC.,1435049,2834,3/1/2017,10-K,http://www.sec.gov/Archives/edgar/data/1435049/000156459017003099/0001564590-17-003099.txt
ADVANCE AUTO PARTS INC,1158449,5531,2/28/2017,10-K,http://www.sec.gov/Archives/edgar/data/1158449/000115844917000034/0001158449-17-000034.txt
Advanced BioEnergy  LLC,1325740,2860,12/18/2017,10-K,http://www.sec.gov/Archives/edgar/data/1325740/000156459017025064/0001564590-17-025064.txt
Advanced Biomedical Technologies Inc.,1385799,3842,2/14/2017,10-K,http://www.sec.gov/Archives/edgar/data/1385799/000138713117000831/0001387131-17-000831.txt
ADVANCED CREDIT TECHNOLOGIES INC,1437517,7372,3/29/2017,10-K,http://www.sec.gov/Archives/edgar/data/1437517/000101054917000101/0001010549-17-000101.txt
Advanced Disposal Services  Inc.,1585790,4953,2/24/2017,10-K,http://www.sec.gov/Archives/edgar/data/1585790/000162828017001730/0001628280-17-001730.txt
ADVANCED DRAINAGE SYSTEMS  INC.,1604028,3086,5/30/2017,10-K,http://www.sec.gov/Archives/edgar/data/1604028/000156459017011836/0001564590-17-011836.txt
Advanced Emissions Solutions  Inc.,1515156,2890,3/13/2017,10-K,http://www.sec.gov/Archives/edgar/data/1515156/000151515617000017/0001515156-17-000017.txt
ADVANCED ENERGY INDUSTRIES INC,927003,3679,2/24/2017,10-K,http://www.sec.gov/Archives/edgar/data/927003/0000092700317000010/0000927003-17-000010.txt
Advanced Environmental Petroleum Producers Inc.,1584137,8742,4/5/2017,10-K,http://www.sec.gov/Archives/edgar/data/1584137/000147793217001586/0001477932-17-001586.txt
ADVANCED ENVIRONMENTAL RECYCLING TECHNOLOGIES INC,849706,2430,3/17/2017,10-K,http://www.sec.gov/Archives/edgar/data/849706/0000165495417002109/0001654954-17-002109.txt
ADVANCED MEDICAL ISOTOPE Corp,1449349,3841,3/9/2017,10-K,http://www.sec.gov/Archives/edgar/data/1449349/000165495417001788/0001654954-17-001788.txt
ADVANCED MICRO DEVICES INC,2488,3674,2/21/2017,10-K,http://www.sec.gov/Archives/edgar/data/2488/000000000248817000043/0000002488-17-000043.txt
ADVANCED OXYGEN TECHNOLOGIES INC,352991,6500,9/27/2017,10-K,http://www.sec.gov/Archives/edgar/data/352991/0000035299117000007/0000352991-17-000007.txt
Advanced Voice Recognition Systems  Inc,1342936,1311,3/31/2017,10-K,http://www.sec.gov/Archives/edgar/data/1342936/000134293617000016/0001342936-17-000016.txt
AdvancePierre Foods Holdings  Inc.,1669792,2000,3/9/2017,10-K,http://www.sec.gov/Archives/edgar/data/1669792/000119312517077043/0001193125-17-077043.txt
AdvanSix Inc.,1673985,2821,3/6/2017,10-K,http://www.sec.gov/Archives/edgar/data/1673985/000093041317000896/0000930413-17-000896.txt
AdvanSource Biomaterials Corp,1011060,3841,6/26/2017,10-K,http://www.sec.gov/Archives/edgar/data/1011060/000101106017000008/0001011060-17-000008.txt
Advaxis  Inc.,1100397,2834,1/9/2017,10-K,http://www.sec.gov/Archives/edgar/data/1100397/000149315217000250/0001493152-17-000250.txt
Advaxis  Inc.,1100397,2834,12/21/2017,10-K,http://www.sec.gov/Archives/edgar/data/1100397/000149315217014889/0001493152-17-014889.txt
Adverum Biotechnologies  Inc.,1501756,2836,3/9/2017,10-K,http://www.sec.gov/Archives/edgar/data/1501756/000156459017003759/0001564590-17-003759.txt
ADVISORY BOARD CO,1157377,8741,3/16/2017,10-K,http://www.sec.gov/Archives/edgar/data/1157377/000115737717000005/0001157377-17-000005.txt
AECOM,868857,8711,11/14/2017,10-K,http://www.sec.gov/Archives/edgar/data/868857/0000104746917007051/0001047469-17-007051.txt
Aegion Corp,353020,1623,3/1/2017,10-K,http://www.sec.gov/Archives/edgar/data/353020/0000035302017000007/0000353020-17-000007.txt
Aeglea BioTherapeutics  Inc.,1636282,2834,3/23/2017,10-K,http://www.sec.gov/Archives/edgar/data/1636282/000156459017005137/0001564590-17-005137.txt
AEHR TEST SYSTEMS,1040470,3825,8/29/2017,10-K,http://www.sec.gov/Archives/edgar/data/1040470/000165495417007962/0001654954-17-007962.txt
AEI INCOME & GROWTH FUND 24 LLC,1130758,6500,3/30/2017,10-K,http://www.sec.gov/Archives/edgar/data/1130758/000113075817000014/0001130758-17-000014.txt
AEI INCOME & GROWTH FUND 25 LLC,1185198,6500,3/30/2017,10-K,http://www.sec.gov/Archives/edgar/data/1185198/000113075817000012/0001130758-17-000012.txt
AEI Income & Growth Fund 26 LLC,1326321,6500,3/30/2017,10-K,http://www.sec.gov/Archives/edgar/data/1326321/000113075817000010/0001130758-17-000010.txt
AEI INCOME & GROWTH FUND XXI LTD PARTNERSHIP,931755,6500,3/30/2017,10-K,http://www.sec.gov/Archives/edgar/data/931755/0000113075817000018/0001130758-17-000018.txt
AEI INCOME & GROWTH FUND XXII LTD PARTNERSHIP,1023458,6500,3/30/2017,10-K,http://www.sec.gov/Archives/edgar/data/1023458/000113075817000016/0001130758-17-000016.txt
AEI NET LEASE INCOME & GROWTH FUND XX LIMITED PARTNERSHIP,894245,6500,3/30/2017,10-K,http://www.sec.gov/Archives/edgar/data/894245/0000113075817000020/0001130758-17-000020.txt
AEMETIS  INC,738214,2860,3/17/2017,10-K,http://www.sec.gov/Archives/edgar/data/738214/0000165495417002105/0001654954-17-002105.txt
AEP INDUSTRIES INC,785787,3081,1/17/2017,10-K,http://www.sec.gov/Archives/edgar/data/785787/0000119312517010915/0001193125-17-010915.txt
AEP Texas Central Transition Funding II LLC,1366928,6189,3/30/2017,10-K,http://www.sec.gov/Archives/edgar/data/1366928/000136692817000006/0001366928-17-000006.txt
AEP Texas Central Transition Funding III LLC,1539816,6189,3/30/2017,10-K,http://www.sec.gov/Archives/edgar/data/1539816/000153981617000004/0001539816-17-000004.txt
AERIE PHARMACEUTICALS INC,1337553,2836,3/9/2017,10-K,http://www.sec.gov/Archives/edgar/data/1337553/000162828017002421/0001628280-17-002421.txt
Aerkomm Inc.,1590496,5961,2/13/2017,10-K,http://www.sec.gov/Archives/edgar/data/1590496/000147793217000688/0001477932-17-000688.txt
AEROCENTURY CORP,1036848,7359,3/9/2017,10-K,http://www.sec.gov/Archives/edgar/data/1036848/000103684817000007/0001036848-17-000007.txt
AeroGrow International  Inc.,1316644,5200,6/26/2017,10-K,http://www.sec.gov/Archives/edgar/data/1316644/000118518517001448/0001185185-17-001448.txt
AEROHIVE NETWORKS  INC,1372414,7373,2/24/2017,10-K,http://www.sec.gov/Archives/edgar/data/1372414/000137241417000005/0001372414-17-000005.txt
AEROJET ROCKETDYNE HOLDINGS  INC.,40888,3760,3/1/2017,10-K,http://www.sec.gov/Archives/edgar/data/40888/00000004088817000004/0000040888-17-000004.txt
AeroVironment Inc,1368622,3721,6/28/2017,10-K,http://www.sec.gov/Archives/edgar/data/1368622/000155837017004963/0001558370-17-004963.txt
AES CORP,874761,4991,2/27/2017,10-K,http://www.sec.gov/Archives/edgar/data/874761/0000087476117000003/0000874761-17-000003.txt
AETHLON MEDICAL INC,882291,3826,6/28/2017,10-K,http://www.sec.gov/Archives/edgar/data/882291/0000168316817001671/0001683168-17-001671.txt
AETNA INC /PA/,1122304,6324,2/17/2017,10-K,http://www.sec.gov/Archives/edgar/data/1122304/000112230417000014/0001122304-17-000014.txt
Aevi Genomic Medicine  Inc.,1138776,2836,3/9/2017,10-K,http://www.sec.gov/Archives/edgar/data/1138776/000114420417013576/0001144204-17-013576.txt
AFC BUILDING TECHNOLOGIES INC.,1533030,3420,4/20/2017,10-K,http://www.sec.gov/Archives/edgar/data/1533030/000106299317001988/0001062993-17-001988.txt
AFC BUILDING TECHNOLOGIES INC.,1533030,3420,6/8/2017,10-K,http://www.sec.gov/Archives/edgar/data/1533030/000106299317002840/0001062993-17-002840.txt
AFFILIATED MANAGERS GROUP  INC.,1004434,6282,2/24/2017,10-K,http://www.sec.gov/Archives/edgar/data/1004434/000100443417000004/0001004434-17-000004.txt
Affinion Group  Inc.,1361394,7389,3/31/2017,10-K,http://www.sec.gov/Archives/edgar/data/1361394/000156459017005822/0001564590-17-005822.txt
Affinion Group Holdings  Inc.,1404624,7389,3/31/2017,10-K,http://www.sec.gov/Archives/edgar/data/1404624/000156459017005848/0001564590-17-005848.txt
AFH Acquisition IX  Inc.,1419556,6770,11/22/2017,10-K,http://www.sec.gov/Archives/edgar/data/1419556/000160706217000407/0001607062-17-000407.txt
AFLAC INC,4977,6321,2/24/2017,10-K,http://www.sec.gov/Archives/edgar/data/4977/000000000497717000064/0000004977-17-000064.txt
Africa Growth Corp,1501720,6500,3/31/2017,10-K,http://www.sec.gov/Archives/edgar/data/1501720/000129534517000063/0001295345-17-000063.txt
AFTERMASTER  INC.,836809,3663,9/28/2017,10-K,http://www.sec.gov/Archives/edgar/data/836809/0000165495417008923/0001654954-17-008923.txt
AG Mortgage Investment Trust  Inc.,1514281,6798,3/1/2017,10-K,http://www.sec.gov/Archives/edgar/data/1514281/000114420417012099/0001144204-17-012099.txt
AG&E HOLDINGS INC.,105608,3663,3/30/2017,10-K,http://www.sec.gov/Archives/edgar/data/105608/0000143774917005612/0001437749-17-005612.txt
AGCO CORP /DE,880266,3523,2/28/2017,10-K,http://www.sec.gov/Archives/edgar/data/880266/0000088026617000005/0000880266-17-000005.txt
AGENUS INC,1098972,2836,3/16/2017,10-K,http://www.sec.gov/Archives/edgar/data/1098972/000156459017004618/0001564590-17-004618.txt
AGILE THERAPEUTICS INC,1261249,2834,3/15/2017,10-K,http://www.sec.gov/Archives/edgar/data/1261249/000104746917001623/0001047469-17-001623.txt
AGILENT TECHNOLOGIES INC,1090872,3826,12/21/2017,10-K,http://www.sec.gov/Archives/edgar/data/1090872/000109087217000018/0001090872-17-000018.txt
AGILYSYS INC,78749,7373,6/2/2017,10-K,http://www.sec.gov/Archives/edgar/data/78749/00000007874917000021/0000078749-17-000021.txt
AGIOS PHARMACEUTICALS INC,1439222,2834,2/16/2017,10-K,http://www.sec.gov/Archives/edgar/data/1439222/000119312517046795/0001193125-17-046795.txt
AGNC Investment Corp.,1423689,6798,2/27/2017,10-K,http://www.sec.gov/Archives/edgar/data/1423689/000142368917000011/0001423689-17-000011.txt
Agora Holdings  Inc.,1680966,4899,6/5/2017,10-K,http://www.sec.gov/Archives/edgar/data/1680966/000159406217000141/0001594062-17-000141.txt
AGREE REALTY CORP,917251,6798,2/23/2017,10-K,http://www.sec.gov/Archives/edgar/data/917251/0000114420417010652/0001144204-17-010652.txt
Agritech Worldwide  Inc.,1052257,2040,4/17/2017,10-K,http://www.sec.gov/Archives/edgar/data/1052257/000121390017003831/0001213900-17-003831.txt
AGRITEK HOLDINGS  INC.,1040850,5960,3/31/2017,10-K,http://www.sec.gov/Archives/edgar/data/1040850/000155479517000143/0001554795-17-000143.txt
AGRO CAPITAL MANAGEMENT CORP.,1598323,4700,4/13/2017,10-K,http://www.sec.gov/Archives/edgar/data/1598323/000164033417000690/0001640334-17-000690.txt
AgroFresh Solutions  Inc.,1592016,6770,3/16/2017,10-K,http://www.sec.gov/Archives/edgar/data/1592016/000159201617000006/0001592016-17-000006.txt
Aim Exploration Inc.,1545232,1090,12/6/2017,10-K,http://www.sec.gov/Archives/edgar/data/1545232/000166357717000404/0001663577-17-000404.txt
AIMCO PROPERTIES L.P.,926660,6513,2/24/2017,10-K,http://www.sec.gov/Archives/edgar/data/926660/0000092286417000006/0000922864-17-000006.txt
Aimmune Therapeutics  Inc.,1631650,2834,3/15/2017,10-K,http://www.sec.gov/Archives/edgar/data/1631650/000156459017004466/0001564590-17-004466.txt
AIR INDUSTRIES GROUP,1009891,3728,4/19/2017,10-K,http://www.sec.gov/Archives/edgar/data/1009891/000119380517000662/0001193805-17-000662.txt
AIR LEASE CORP,1487712,7359,2/23/2017,10-K,http://www.sec.gov/Archives/edgar/data/1487712/000155837017000879/0001558370-17-000879.txt
AIR METHODS CORP,816159,4522,3/1/2017,10-K,http://www.sec.gov/Archives/edgar/data/816159/0000157104917001894/0001571049-17-001894.txt
AIR PRODUCTS & CHEMICALS INC /DE/,2969,2810,11/16/2017,10-K,http://www.sec.gov/Archives/edgar/data/2969/000000000296917000039/0000002969-17-000039.txt
AIR T INC,353184,4513,10/13/2017,10-K,http://www.sec.gov/Archives/edgar/data/353184/0000143774917017134/0001437749-17-017134.txt
Air Transport Services Group  Inc.,894081,4513,3/8/2017,10-K,http://www.sec.gov/Archives/edgar/data/894081/0000089408117000036/0000894081-17-000036.txt
AIRBORNE WIRELESS NETWORK,1537258,5961,11/14/2017,10-K,http://www.sec.gov/Archives/edgar/data/1537258/000164033417002419/0001640334-17-002419.txt
Aircastle LTD,1362988,7359,2/14/2017,10-K,http://www.sec.gov/Archives/edgar/data/1362988/000136298817000004/0001362988-17-000004.txt
AIRGAIN INC,1272842,3663,3/15/2017,10-K,http://www.sec.gov/Archives/edgar/data/1272842/000156459017004418/0001564590-17-004418.txt
AIT Therapeutics  Inc.,1641631,3841,3/31/2017,10-K,http://www.sec.gov/Archives/edgar/data/1641631/000147793217001466/0001477932-17-001466.txt
AJ GREENTECH HOLDINGS.,1394108,2860,5/15/2017,10-K,http://www.sec.gov/Archives/edgar/data/1394108/000155479517000206/0001554795-17-000206.txt
AK STEEL HOLDING CORP,918160,3312,2/17/2017,10-K,http://www.sec.gov/Archives/edgar/data/918160/0000091816017000076/0000918160-17-000076.txt
AKAMAI TECHNOLOGIES INC,1086222,7389,2/28/2017,10-K,http://www.sec.gov/Archives/edgar/data/1086222/000108622217000080/0001086222-17-000080.txt
Akebia Therapeutics  Inc.,1517022,2834,3/6/2017,10-K,http://www.sec.gov/Archives/edgar/data/1517022/000156459017003466/0001564590-17-003466.txt
Akers Biosciences Inc,1321834,2835,4/11/2017,10-K,http://www.sec.gov/Archives/edgar/data/1321834/000149315217003722/0001493152-17-003722.txt
AKORN INC,3116,2834,3/1/2017,10-K,http://www.sec.gov/Archives/edgar/data/3116/000000162828017002069/0001628280-17-002069.txt
Akoustis Technologies  Inc.,1584754,3661,9/20/2017,10-K,http://www.sec.gov/Archives/edgar/data/1584754/000161577417005214/0001615774-17-005214.txt
Ala Carte Charts Corp,1672900,6770,4/17/2017,10-K,http://www.sec.gov/Archives/edgar/data/1672900/000121390017003851/0001213900-17-003851.txt
ALABAMA POWER CO,3153,4911,2/22/2017,10-K,http://www.sec.gov/Archives/edgar/data/3153/000000009212217000007/0000092122-17-000007.txt
ALADDIN INTERNATIONAL INC /MN/,921560,6770,10/16/2017,10-K,http://www.sec.gov/Archives/edgar/data/921560/0000155335017001096/0001553350-17-001096.txt
Alamo Energy Corp.,1360334,1382,7/24/2017,10-K,http://www.sec.gov/Archives/edgar/data/1360334/000168316817001843/0001683168-17-001843.txt
ALAMO GROUP INC,897077,3523,3/7/2017,10-K,http://www.sec.gov/Archives/edgar/data/897077/0000089707717000019/0000897077-17-000019.txt
Alarm.com Holdings  Inc.,1459200,7372,3/16/2017,10-K,http://www.sec.gov/Archives/edgar/data/1459200/000145920017000007/0001459200-17-000007.txt
ALASKA AIR GROUP  INC.,766421,4512,2/28/2017,10-K,http://www.sec.gov/Archives/edgar/data/766421/0000076642117000016/0000766421-17-000016.txt
ALASKA COMMUNICATIONS SYSTEMS GROUP INC,1089511,4813,3/16/2017,10-K,http://www.sec.gov/Archives/edgar/data/1089511/000119312517085233/0001193125-17-085233.txt
ALBANY INTERNATIONAL CORP /DE/,819793,2221,3/1/2017,10-K,http://www.sec.gov/Archives/edgar/data/819793/0000089109217001810/0000891092-17-001810.txt
ALBANY MOLECULAR RESEARCH INC,1065087,8731,3/16/2017,10-K,http://www.sec.gov/Archives/edgar/data/1065087/000114420417015129/0001144204-17-015129.txt
ALBEMARLE CORP,915913,2821,2/28/2017,10-K,http://www.sec.gov/Archives/edgar/data/915913/0000091591317000010/0000915913-17-000010.txt
ALBIREO PHARMA  INC.,1322505,2834,3/27/2017,10-K,http://www.sec.gov/Archives/edgar/data/1322505/000156459017005341/0001564590-17-005341.txt
Alcentra Capital Corp,1578620,-,3/10/2017,10-K,http://www.sec.gov/Archives/edgar/data/1578620/000114420417013777/0001144204-17-013777.txt
Alcoa Corp,1675149,3350,3/15/2017,10-K,http://www.sec.gov/Archives/edgar/data/1675149/000119312517083862/0001193125-17-083862.txt
ALDER BIOPHARMACEUTICALS INC,1423824,2834,2/23/2017,10-K,http://www.sec.gov/Archives/edgar/data/1423824/000156459017002198/0001564590-17-002198.txt
Aldeyra Therapeutics  Inc.,1341235,2834,3/30/2017,10-K,http://www.sec.gov/Archives/edgar/data/1341235/000119312517104228/0001193125-17-104228.txt
ALERE INC.,1145460,2835,6/5/2017,10-K,http://www.sec.gov/Archives/edgar/data/1145460/000119312517194626/0001193125-17-194626.txt
Aleris Corp,1518587,3341,3/3/2017,10-K,http://www.sec.gov/Archives/edgar/data/1518587/000151858717000008/0001518587-17-000008.txt
Alexander & Baldwin  Inc.,1545654,6500,3/1/2017,10-K,http://www.sec.gov/Archives/edgar/data/1545654/000154565417000003/0001545654-17-000003.txt
ALEXANDERS INC,3499,6798,2/13/2017,10-K,http://www.sec.gov/Archives/edgar/data/3499/000000000349917000004/0000003499-17-000004.txt
ALEXANDRIA REAL ESTATE EQUITIES INC,1035443,6798,1/31/2017,10-K,http://www.sec.gov/Archives/edgar/data/1035443/000103544317000022/0001035443-17-000022.txt
ALEXION PHARMACEUTICALS INC,899866,2834,2/16/2017,10-K,http://www.sec.gov/Archives/edgar/data/899866/0000089986617000044/0000899866-17-000044.txt
Algae Dynamics Corp.,1607679,2833,8/15/2017,10-K,http://www.sec.gov/Archives/edgar/data/1607679/000149315217009349/0001493152-17-009349.txt
Algodon Wines & Luxury Development Group  Inc.,1559998,6552,3/31/2017,10-K,http://www.sec.gov/Archives/edgar/data/1559998/000149315217003130/0001493152-17-003130.txt
ALICO INC,3545,100,12/11/2017,10-K,http://www.sec.gov/Archives/edgar/data/3545/000000000354517000091/0000003545-17-000091.txt
ALIGN TECHNOLOGY INC,1097149,3842,2/28/2017,10-K,http://www.sec.gov/Archives/edgar/data/1097149/000109714917000009/0001097149-17-000009.txt
ALIMERA SCIENCES INC,1267602,2834,3/3/2017,10-K,http://www.sec.gov/Archives/edgar/data/1267602/000126760217000021/0001267602-17-000021.txt
ALJ REGIONAL HOLDINGS INC,1438731,7389,12/19/2017,10-K,http://www.sec.gov/Archives/edgar/data/1438731/000156459017025100/0001564590-17-025100.txt
ALKALINE WATER Co INC,1532390,5140,7/14/2017,10-K,http://www.sec.gov/Archives/edgar/data/1532390/000106299317003236/0001062993-17-003236.txt
Alkermes plc.,1520262,2834,2/17/2017,10-K,http://www.sec.gov/Archives/edgar/data/1520262/000152026217000007/0001520262-17-000007.txt
ALL AMERICAN SPORTPARK INC,930245,5900,4/17/2017,10-K,http://www.sec.gov/Archives/edgar/data/930245/0000126327917000012/0001263279-17-000012.txt
ALL MARKETING SOLUTIONS  INC.,1464300,6794,2/13/2017,10-K,http://www.sec.gov/Archives/edgar/data/1464300/000149473317000008/0001494733-17-000008.txt
ALL MARKETING SOLUTIONS  INC.,1464300,6794,7/3/2017,10-K,http://www.sec.gov/Archives/edgar/data/1464300/000149473317000047/0001494733-17-000047.txt
All Soft Gels Inc,1662382,2833,3/7/2017,10-K,http://www.sec.gov/Archives/edgar/data/1662382/000118518517000534/0001185185-17-000534.txt
All State Properties Holdings  Inc.,745543,2834,10/16/2017,10-K,http://www.sec.gov/Archives/edgar/data/745543/0000137746917000037/0001377469-17-000037.txt
All State Properties Holdings  Inc.,745543,2834,10/17/2017,10-K,http://www.sec.gov/Archives/edgar/data/745543/0000137746917000045/0001377469-17-000045.txt
All State Properties Holdings  Inc.,745543,2834,10/17/2017,10-K,http://www.sec.gov/Archives/edgar/data/745543/0000137746917000055/0001377469-17-000055.txt
All State Properties Holdings  Inc.,745543,2834,10/17/2017,10-K,http://www.sec.gov/Archives/edgar/data/745543/0000137746917000064/0001377469-17-000064.txt
All State Properties Holdings  Inc.,745543,2834,10/17/2017,10-K,http://www.sec.gov/Archives/edgar/data/745543/0000137746917000072/0001377469-17-000072.txt
